,draftPosition,playerID,rookieYear
0,1,colemde01,1990
1,2,paytoga01,1990
2,3,abdulma02,1990
3,4,scottde01,1990
4,5,gillke01,1990
5,6,spencfe01,1990
6,7,simmoli01,1990
7,8,kimblbo01,1990
8,9,burtowi01,1990
9,10,robinru01,1990
10,11,hillty01,1990
11,12,kesslal01,1990
12,13,vaughlo01,1990
13,14,maystr01,1990
14,15,jamerda01,1990
15,16,millste01,1990
16,17,mustaje01,1990
17,18,causwdu01,1990
18,19,brownde01,1990
19,20,glassge01,1990
20,21,willija01,1990
21,22,georgta01,1990
22,23,bonnean01,1990
23,24,schindw01,1990
24,25,abdelal01,1990
25,26,blankla01,1990
26,27,campbel01,1990
27,28,jepsele01,1990
28,29,kukocto01,1990
29,30,herreca01,1990
30,31,knighne01,1990
31,32,olivebr01,1990
32,33,palmewa01,1990
33,34,pritcke01,1990
34,35,fostegr01,1990
35,36,wilsotr01,1990
36,37,engliaj01,1990
37,38,buechju01,1990
38,39,schefst01,1990
39,40,colesbi01,1990
40,41,bardost01,1990
41,42,liberma01,1990
42,43,masseto01,1990
43,44,hensost01,1990
44,45,davisan01,1990
45,46,willike03,1990
46,47,stronde01,1990
47,48,cebalce01,1990
48,50,babicmi01,1990
49,51,smithto02,1990
50,52,ruscost01,1990
51,54,higgise01,1990
52,1,johnsla02,1991
53,2,anderke01,1991
54,3,owensbi01,1991
55,4,mutomdi01,1991
56,5,smithst01,1991
57,6,smithdo03,1991
58,7,longllu01,1991
59,8,maconma01,1991
60,9,augmost01,1991
61,10,delebi01,1991
62,11,brandte01,1991
63,12,anthogr01,1991
64,13,davisda01,1991
65,14,kingri01,1991
66,15,aventan01,1991
67,16,gatlich01,1991
68,17,alexavi01,1991
69,18,brookke01,1991
70,19,smithla02,1991
71,20,turnejo01,1991
72,21,murdoer01,1991
73,22,ellisle02,1991
74,23,roberst01,1991
75,24,foxri01,1991
76,26,randama01,1991
77,27,chilcpe01,1991
78,28,lynchke01,1991
79,30,monroro01,1991
80,31,brownra02,1991
81,32,gallach01,1991
82,33,hodgedo01,1991
83,34,brownmy01,1991
84,35,iuzzomi01,1991
85,36,corchch01,1991
86,37,perryel01,1991
87,39,oliveji01,1991
88,40,overtdo01,1991
89,41,greense01,1991
90,43,strotla01,1991
91,45,phillbo01,1991
92,46,dumasri02,1991
93,48,austiis01,1991
94,49,suttogr01,1991
95,51,tabakza01,1991
96,1,onealsh01,1992
97,2,mournal01,1992
98,3,laettch01,1992
99,4,jacksji01,1992
100,5,ellisla01,1992
101,6,guglito01,1992
102,7,williwa02,1992
103,8,dayto01,1992
104,9,weathcl01,1992
105,10,keefead01,1992
106,11,horryro01,1992
107,12,minerha01,1992
108,13,stithbr01,1992
109,14,sealyma01,1992
110,15,peelean01,1992
111,16,woodsra01,1992
112,17,chrisdo01,1992
113,18,murratr01,1992
114,19,macledo01,1992
115,20,davishu01,1992
116,21,barryjo01,1992
117,22,milleol01,1992
118,23,maybele01,1992
119,24,sprewla01,1992
120,25,spencel01,1992
121,26,johnsda01,1992
122,27,houstby01,1992
123,28,maxeyma01,1992
124,29,brownpj01,1992
125,30,rooksse01,1992
126,31,smithre01,1992
127,32,pricebr01,1992
128,33,willico01,1992
129,34,smithch03,1992
130,35,benneto01,1992
131,36,coopedu01,1992
132,37,morriis01,1992
133,38,benneel01,1992
134,39,greenli01,1992
135,41,jonespo01,1992
136,42,geigema01,1992
137,43,danilsa01,1992
138,45,kingch01,1992
139,46,werdaro01,1992
140,47,mornida01,1992
141,48,davisbr02,1992
142,50,fishma01,1992
143,52,steigma01,1992
144,1,webbech01,1993
145,2,bradlsh01,1993
146,3,hardaan01,1993
147,4,mashbja01,1993
148,5,rideris01,1993
149,6,cheanca01,1993
150,7,hurlebo01,1993
151,8,bakervi01,1993
152,9,rogerro01,1993
153,10,hunteli01,1993
154,11,houstal01,1993
155,12,lynchge01,1993
156,13,deherte01,1993
157,14,haskisc01,1993
158,15,edwardo01,1993
159,16,waltere01,1993
160,17,grahagr01,1993
161,18,wrighlu01,1993
162,19,earlac01,1993
163,20,burresc01,1993
164,21,robinja02,1993
165,22,millsch01,1993
166,23,johnser02,1993
167,24,cassesa01,1993
168,25,blounco01,1993
169,26,hammige01,1993
170,27,mackema01,1993
171,28,harrilu01,1993
172,30,muresgh01,1993
173,31,burnsev01,1993
174,32,fordal01,1993
175,33,rileyer01,1993
176,34,meeda01,1993
177,35,stokeed01,1993
178,37,vanexni01,1993
179,40,manniri01,1993
180,42,jordaad01,1993
181,43,grantjo01,1993
182,45,russebr01,1993
183,46,petruri01,1993
184,47,whitnch01,1993
185,48,thompke01,1993
186,52,peplomi01,1993
187,1,robingl01,1994
188,2,kiddja01,1994
189,3,hillgr01,1994
190,4,marshdo01,1994
191,5,howarju01,1994
192,6,wrighsh01,1994
193,7,murrala01,1994
194,8,grantbr01,1994
195,9,montrer01,1994
196,10,jonesed02,1994
197,11,rogerca01,1994
198,12,reevekh01,1994
199,13,roseja01,1994
200,14,dareyi01,1994
201,15,piatker01,1994
202,16,roziecl01,1994
203,17,mckieaa01,1994
204,18,mobleer01,1994
205,19,dumasto01,1994
206,20,tylerbj01,1994
207,21,simpkdi01,1994
208,22,curlebi01,1994
209,23,persowe01,1994
210,24,willimo01,1994
211,25,minorgr01,1994
212,26,wardch01,1994
213,27,thompbr01,1994
214,29,langan02,1994
215,30,eisleho01,1994
216,32,mcilvji01,1994
217,33,alstode01,1994
218,34,nickega01,1994
219,35,smithmi02,1994
220,37,wingfdo01,1994
221,38,hancoda01,1994
222,39,millean01,1994
223,40,webstje01,1994
224,43,scottsh01,1994
225,45,mortodw01,1994
226,46,lenarvo01,1994
227,47,watsoja01,1994
228,50,claxtch01,1994
229,51,fundela01,1994
230,52,goldwan01,1994
231,54,rebraze01,1994
232,1,smithjo02,1995
233,2,mcdyean01,1995
234,3,stackje01,1995
235,4,wallara01,1995
236,5,garneke01,1995
237,6,reevebr01,1995
238,7,stoudda01,1995
239,8,respesh01,1995
240,9,obanned01,1995
241,10,thomaku01,1995
242,11,trentga01,1995
243,12,parksch02,1995
244,13,willico02,1995
245,14,willier01,1995
246,15,barrybr01,1995
247,16,hendeal01,1995
248,17,surabo01,1995
249,18,ratlith01,1995
250,19,childra01,1995
251,20,caffeja01,1995
252,21,finlemi01,1995
253,22,zidekge01,1995
254,23,besttr01,1995
255,24,meyerlo01,1995
256,25,vaughda02,1995
257,26,fordsh01,1995
258,27,bennema01,1995
259,28,ostergr01,1995
260,29,alexaco01,1995
261,30,roelo01,1995
262,31,tarladr01,1995
263,32,renchte01,1995
264,33,burroju01,1995
265,34,declean01,1995
266,35,kingji02,1995
267,36,motenla01,1995
268,37,kingfr01,1995
269,39,marshdo02,1995
270,40,whitfdw01,1995
271,42,boycedo01,1995
272,43,snower01,1995
273,47,edneyty01,1995
274,48,davisma02,1995
275,49,allenje01,1995
276,50,lewisma01,1995
277,52,hoibefr01,1995
278,55,mcdonmi01,1995
279,56,carrch01,1995
280,57,marticu01,1995
281,58,reiddo01,1995
282,1,iversal01,1996
283,2,cambyma01,1996
284,3,abdursh01,1996
285,4,marbust01,1996
286,5,allenra02,1996
287,6,walkean02,1996
288,7,wrighlo02,1996
289,8,kittlke01,1996
290,9,walkesa01,1996
291,10,dampier01,1996
292,11,fulleto02,1996
293,12,potapvi01,1996
294,13,bryanko01,1996
295,14,stojape01,1996
296,15,nashst01,1996
297,16,delkto01,1996
298,17,onealje01,1996
299,18,wallajo01,1996
300,19,mccarwa01,1996
301,20,ilgauzy01,1996
302,21,jonesdo01,1996
303,22,rogerro02,1996
304,23,rentzef01,1996
305,24,fishede01,1996
306,25,muursma01,1996
307,26,willije01,1996
308,27,evansbr01,1996
309,28,laudepr01,1996
310,29,knightr01,1996
311,30,harriot01,1996
312,31,hendrma01,1996
313,33,norrimo01,1996
314,37,mcinnje01,1996
315,38,hamerst01,1996
316,41,sasseja01,1996
317,42,livinra01,1996
318,43,davisbe01,1996
319,44,rosema01,1996
320,46,brownma01,1996
321,48,feickja01,1996
322,49,mccasam01,1996
323,51,robinch01,1996
324,52,popema01,1996
325,53,nordgje01,1996
326,54,andersh01,1996
327,56,gearyre01,1996
328,57,barrydr01,1996
329,1,duncati01,1997
330,2,vanhoke01,1997
331,3,billuch01,1997
332,4,daniean01,1997
333,5,battito01,1997
334,6,mercero01,1997
335,7,thomati01,1997
336,8,foylead01,1997
337,9,mcgratr01,1997
338,10,fortsda01,1997
339,11,abdulta01,1997
340,12,croshau01,1997
341,13,anderde01,1997
342,14,tayloma01,1997
343,15,catoke01,1997
344,16,knighbr01,1997
345,17,taylojo01,1997
346,18,anstech01,1997
347,19,pollasc01,1997
348,20,grantpa01,1997
349,21,parkean01,1997
350,22,grayed01,1997
351,23,jacksbo01,1997
352,24,rhodero01,1997
353,25,thomajo02,1997
354,26,smithch04,1997
355,27,vaughja01,1997
356,28,boothke01,1997
357,31,obannch01,1997
358,32,cottoja02,1997
359,33,milicma01,1997
360,34,wellsbu01,1997
361,35,stewake01,1997
362,36,collija01,1997
363,37,jacksma02,1997
364,38,honeyje01,1997
365,39,johnsan02,1997
366,41,lawsoja01,1997
367,42,jacksst02,1997
368,44,hendece02,1997
369,45,shammgo01,1997
370,46,washier01,1997
371,47,willial02,1997
372,48,drobnpr01,1997
373,50,crawfch01,1997
374,51,wheatde01,1997
375,54,blounma01,1997
376,1,olowomi01,1998
377,2,bibbymi01,1998
378,3,lafrera01,1998
379,4,jamisan01,1998
380,5,cartevi01,1998
381,6,traylro01,1998
382,7,willija02,1998
383,8,hughela01,1998
384,9,nowitdi01,1998
385,10,piercpa01,1998
386,11,wellsbo01,1998
387,12,doleami01,1998
388,13,clarkke01,1998
389,14,dickemi01,1998
390,15,harprma01,1998
391,16,drewbr01,1998
392,17,nestera01,1998
393,18,turkcmi01,1998
394,19,garripa01,1998
395,20,mcleoro01,1998
396,21,davisri01,1998
397,22,skinnbr01,1998
398,23,luety01,1998
399,24,lopezfe01,1998
400,25,harrial01,1998
401,26,jacobsa01,1998
402,27,stepavl01,1998
403,28,benjaco01,1998
404,29,mohamna01,1998
405,30,sesayan01,1998
406,31,patteru01,1998
407,32,lewisra02,1998
408,33,mccoyje01,1998
409,34,willish01,1998
410,35,sundobr01,1998
411,36,jamesje01,1998
412,37,shawca01,1998
413,38,johnsde02,1998
414,39,alstora01,1998
415,40,youngko01,1998
416,41,moblecu01,1998
417,42,simonmi01,1998
418,43,whiteja01,1998
419,44,marksse01,1998
420,45,baileto01,1998
421,46,pattean01,1998
422,47,wheelty01,1998
423,48,stackry01,1998
424,49,carrco01,1998
425,52,dialde01,1998
426,53,buckngr01,1998
427,54,fowlktr01,1998
428,55,bowenry01,1998
429,56,hendejr01,1998
430,57,braggto01,1998
431,58,bastoma01,1998
432,1,brandel01,1999
433,2,francst01,1999
434,3,davisba01,1999
435,4,odomla01,1999
436,5,bendejo01,1999
437,6,szczewa02,1999
438,7,hamilri01,1999
439,8,millean02,1999
440,9,mariosh01,1999
441,10,terryja01,1999
442,11,langdtr01,1999
443,12,radojal01,1999
444,13,maggeco01,1999
445,14,averywi01,1999
446,16,artesro01,1999
447,17,bowdlca01,1999
448,18,poseyja01,1999
449,19,lewisqu01,1999
450,20,glovedi01,1999
451,21,fosteje01,1999
452,22,thomake01,1999
453,23,georgde01,1999
454,24,kirilan01,1999
455,25,jamesti01,1999
456,26,cummivo01,1999
457,27,jonesju01,1999
458,28,padgesc01,1999
459,29,smithle01,1999
460,30,celesjo01,1999
461,32,ruffimi01,1999
462,33,herrech01,1999
463,34,eschmev01,1999
464,35,boothca01,1999
465,36,zhizhwa01,1999
466,37,ekeziob01,1999
467,38,profila01,1999
468,39,bramlaj01,1999
469,40,giricgo01,1999
470,41,elsonfr01,1999
471,43,nailole01,1999
472,45,roberry01,1999
473,47,maccuto01,1999
474,49,ketnela01,1999
475,53,buforro01,1999
476,56,youngti01,1999
477,57,ginobma01,1999
478,1,martike01,2000
479,2,swiftst01,2000
480,3,milesda01,2000
481,4,fizerma01,2000
482,5,millemi01,2000
483,6,johnsde03,2000
484,7,mihmch01,2000
485,8,crawfja01,2000
486,9,przybjo01,2000
487,10,doolike01,2000
488,11,moisoje01,2000
489,12,thomaet01,2000
490,13,alexaco02,2000
491,14,cleavma01,2000
492,15,collija02,2000
493,16,turkohe01,2000
494,17,masonde01,2000
495,18,richaqu01,2000
496,19,magloja01,2000
497,20,claxtsp01,2000
498,21,petermo01,2000
499,22,harvedo01,2000
500,23,stevede01,2000
501,24,bagarda01,2000
502,25,tsakaja01,2000
503,26,ndiayma02,2000
504,27,brezepr01,2000
505,28,barkler01,2000
506,29,madsema01,2000
507,30,jaricma01,2000
508,31,langhda01,2000
509,32,guytoaj01,2000
510,33,voskuja01,2000
511,34,elamikh01,2000
512,35,smithmi03,2000
513,36,samakso01,2000
514,37,houseed01,2000
515,38,najered01,2000
516,39,postela01,2000
517,40,mottoha01,2000
518,42,oyedeol01,2000
519,43,reddmi01,2000
520,44,cardibr01,2000
521,45,smithja01,2000
522,49,hartja01,2000
523,50,dickeka01,2000
524,51,rakocig01,2000
525,52,browner01,2000
526,53,mcclida01,2000
527,55,portech01,2000
528,1,brownkw01,2001
529,2,chandty01,2001
530,3,gasolpa01,2001
531,4,curryed01,2001
532,5,richaja01,2001
533,6,battish01,2001
534,7,griffed01,2001
535,8,diopde01,2001
536,9,whitero02,2001
537,10,johnsjo02,2001
538,11,brownke01,2001
539,12,radmavl01,2001
540,13,jefferi01,2001
541,14,murphtr01,2001
542,15,huntest01,2001
543,16,hastoki01,2001
544,17,bradlmi01,2001
545,18,collija04,2001
546,19,randoza01,2001
547,20,haywobr01,2001
548,21,fortejo01,2001
549,22,sasseje01,2001
550,23,armstbr01,2001
551,24,lopezra01,2001
552,25,wallage01,2001
553,26,dalemsa01,2001
554,27,tinslja01,2001
555,28,parketo01,2001
556,30,hassetr01,2001
557,31,arenagi01,2001
558,32,cookom01,2001
559,33,solomwi01,2001
560,34,morrite01,2001
561,35,scalabr01,2001
562,36,trepaje01,2001
563,37,brownda02,2001
564,38,okurme01,2001
565,40,watsoea01,2001
566,41,breweja01,2001
567,42,simmobo01,2001
568,45,lamplse01,2001
569,46,woodslo01,2001
570,48,fotsian01,2001
571,49,johnske03,2001
572,50,boumtru01,2001
573,51,fordal02,2001
574,53,collija03,2001
575,54,satteke01,2001
576,57,jonesal01,2001
577,1,mingya01,2002
578,2,willija03,2002
579,3,dunlemi02,2002
580,4,goodedr01,2002
581,5,tskitni01,2002
582,6,wagneda02,2002
583,7,hilarne01,2002
584,8,wilcoch01,2002
585,9,stoudam01,2002
586,10,butleca01,2002
587,11,jeffrja01,2002
588,12,elyme01,2002
589,13,haislma01,2002
590,14,jonesfr01,2002
591,15,nachbbo01,2002
592,16,welscji01,2002
593,17,dixonju01,2002
594,18,borchcu01,2002
595,19,humphry01,2002
596,20,rushka01,2002
597,21,woodsqy01,2002
598,22,jacobca01,2002
599,23,princta01,2002
600,24,krstine01,2002
601,25,willifr02,2002
602,26,salmojo01,2002
603,27,jeffech01,2002
604,28,dickada01,2002
605,31,masonro01,2002
606,32,archiro01,2002
607,33,yarbrvi01,2002
608,34,gadzuda01,2002
609,35,boozeca01,2002
610,37,anderda03,2002
611,38,maddoti01,2002
612,40,navarju01,2002
613,41,kasunma01,2002
614,42,murraro01,2002
615,44,baxtelo01,2002
616,46,barnema02,2002
617,47,sampsja01,2002
618,48,owensch01,2002
619,50,songada01,2002
620,53,butlera01,2002
621,54,slayta01,2002
622,56,scolalu01,2002
623,57,holcora01,2002
624,58,edwarco01,2002
625,1,jamesle01,2003
626,2,milicda01,2003
627,3,anthoca01,2003
628,4,boshch01,2003
629,5,wadedw01,2003
630,6,kamanch01,2003
631,7,hinriki01,2003
632,8,fordtj01,2003
633,9,sweetmi01,2003
634,10,hayesja01,2003
635,11,pietrmi01,2003
636,12,collini01,2003
637,13,banksma01,2003
638,14,ridnolu01,2003
639,15,gainere01,2003
640,16,belltr01,2003
641,17,cabarza01,2003
642,18,westda01,2003
643,19,pavloal01,2003
644,20,jonesda02,2003
645,21,diawbo01,2003
646,22,planizo01,2003
647,23,outlatr01,2003
648,24,cookbr01,2003
649,25,delfica01,2003
650,26,ebind01,2003
651,27,perkike01,2003
652,28,barbole01,2003
653,29,howarjo01,2003
654,30,lampema01,2003
655,31,kaponja01,2003
656,32,waltolu01,2003
657,33,beaslje01,2003
658,37,hansetr01,2003
659,38,blakest01,2003
660,39,vranesl01,2003
661,40,zimmede01,2003
662,41,greenwi01,2003
663,42,pachuza01,2003
664,43,boganke01,2003
665,45,bonnema01,2003
666,47,willima01,2003
667,48,langja01,2003
668,49,jonesja02,2003
669,51,korveky01,2003
670,56,huntebr01,2003
671,58,glynian01,2003
672,1,howardw01,2004
673,2,okafoem01,2004
674,3,gordobe01,2004
675,4,livinsh01,2004
676,5,harride01,2004
677,6,childjo01,2004
678,7,denglu01,2004
679,8,araujra01,2004
680,9,iguodan01,2004
681,10,jackslu02,2004
682,11,biedran01,2004
683,12,swiftro01,2004
684,13,telfase01,2004
685,14,humphkr01,2004
686,15,jeffeal01,2004
687,16,snydeki01,2004
688,17,smithjo03,2004
689,18,smithjr01,2004
690,19,wrighdo01,2004
691,20,nelsoja01,2004
692,21,podkopa01,2004
693,22,khryavi01,2004
694,23,moniase01,2004
695,24,westde01,2004
696,25,allento01,2004
697,26,martike02,2004
698,27,vujacsa01,2004
699,28,udrihbe01,2004
700,29,harrida01,2004
701,30,varejan01,2004
702,31,vromaja01,2004
703,32,ramospe01,2004
704,33,chalmli01,2004
705,34,smithdo04,2004
706,35,emmetan01,2004
707,36,burksan01,2004
708,37,iveyro01,2004
709,38,duhonch01,2004
710,40,reedju01,2004
711,43,arizatr01,2004
712,45,robinbe01,2004
713,46,seungha01,2004
714,47,sowpa01,2004
715,50,spanova01,2004
716,53,freijma01,2004
717,55,florelu01,2004
718,1,bogutan01,2005
719,2,willima02,2005
720,3,willide01,2005
721,4,paulch01,2005
722,5,feltora01,2005
723,6,webstma02,2005
724,7,villach01,2005
725,8,fryech01,2005
726,9,dioguik01,2005
727,10,bynuman01,2005
728,12,korolya01,2005
729,13,mayse01,2005
730,14,mccanra01,2005
731,15,wrighan01,2005
732,16,grahajo01,2005
733,17,grangda01,2005
734,18,greenge01,2005
735,19,warriha01,2005
736,20,hodgeju01,2005
737,21,robinna01,2005
738,22,jackja01,2005
739,23,garcifr01,2005
740,24,headlu01,2005
741,25,petrojo01,2005
742,26,maxieja01,2005
743,27,kleizli01,2005
744,28,mahinia01,2005
745,29,simiewa01,2005
746,30,leeda02,2005
747,31,stoudsa01,2005
748,32,ewingda01,2005
749,33,bassbr01,2005
750,34,milescj01,2005
751,36,ilyaser01,2005
752,37,turiaro01,2005
753,38,dienetr01,2005
754,39,wafervo01,2005
755,40,ellismo01,2005
756,41,ukicro01,2005
757,42,taftch01,2005
758,43,ilicmi01,2005
759,44,andrima01,2005
760,45,willilo02,2005
761,47,wrighbr02,2005
762,48,gelabmi01,2005
763,49,blatcan01,2005
764,50,gomesry01,2005
765,51,whalero01,2005
766,53,greenor01,2005
767,54,thompdi01,2005
768,55,roberla01,2005
769,56,johnsam01,2005
770,57,gortama01,2005
771,58,slokaur01,2005
772,60,ackeral01,2005
773,1,bargnan01,2006
774,2,aldrila01,2006
775,3,morriad01,2006
776,4,thomaty01,2006
777,5,willish02,2006
778,6,roybr01,2006
779,7,foyera01,2006
780,8,gayru01,2006
781,9,obryapa01,2006
782,10,senesa01,2006
783,11,redicjj01,2006
784,12,armsthi01,2006
785,13,sefolth01,2006
786,14,brewero02,2006
787,15,simmoce01,2006
788,16,carnero01,2006
789,17,willish03,2006
790,18,pecheol01,2006
791,19,doubyqu01,2006
792,20,balkmre01,2006
793,21,rondora01,2006
794,22,willima03,2006
795,23,boonejo01,2006
796,24,lowryky01,2006
797,25,brownsh01,2006
798,26,farmajo01,2006
799,27,rodrise01,2006
800,28,agerma01,2006
801,29,collima01,2006
802,30,freeljo01,2006
803,31,whiteja02,2006
804,32,novakst01,2006
805,33,jonesso01,2006
806,34,davispa01,2006
807,35,tuckepj01,2006
808,36,smithcr01,2006
809,37,jonesbo02,2006
810,38,perovko01,2006
811,39,noelda01,2006
812,41,augusja01,2006
813,42,gibsoda01,2006
814,43,vincima01,2006
815,45,johnsal01,2006
816,46,brownde03,2006
817,47,millspa01,2006
818,49,powele01,2006
819,50,holliry01,2006
820,51,sambch01,2006
821,52,diazgu01,2006
822,54,adamsha01,2006
823,59,markoda01,2006
824,60,blalowi01,2006
825,1,odengr01,2007
826,2,duranke01,2007
827,3,horfoal01,2007
828,4,conlemi01,2007
829,5,greenje02,2007
830,6,jianlyi01,2007
831,7,breweco01,2007
832,8,wrighbr03,2007
833,9,noahjo01,2007
834,10,hawessp01,2007
835,11,lawac01,2007
836,12,youngth01,2007
837,13,wrighju01,2007
838,14,thornal01,2007
839,15,stuckro01,2007
840,16,youngni01,2007
841,17,willise01,2007
842,18,belinma01,2007
843,19,crittja01,2007
844,20,smithja02,2007
845,21,cookda02,2007
846,22,dudleja01,2007
847,23,chandwi01,2007
848,24,fernaru01,2007
849,25,almonmo01,2007
850,26,brookaa01,2007
851,27,afflaar01,2007
852,28,splitti01,2007
853,29,tuckeal02,2007
854,31,landrca01,2007
855,32,pruitga01,2007
856,33,willima04,2007
857,34,fazekni01,2007
858,35,davisgl01,2007
859,36,davidje01,2007
860,37,mcrobjo01,2007
861,38,fesenky01,2007
862,40,yuesu01,2007
863,41,richach01,2007
864,42,byarsde01,2007
865,46,lasmest01,2007
866,47,mcguido01,2007
867,48,gasolma01,2007
868,49,grayaa01,2007
869,51,curryja01,2007
870,52,greenta01,2007
871,53,nichode01,2007
872,56,sessira01,2007
873,59,strawdj01,2007
874,1,rosede01,2008
875,2,beaslmi01,2008
876,3,mayooj01,2008
877,4,westbru01,2008
878,5,loveke01,2008
879,6,gallida01,2008
880,7,gordoer01,2008
881,8,alexajo01,2008
882,9,augusdj01,2008
883,10,lopezbr01,2008
884,11,bayleje01,2008
885,12,thompja02,2008
886,13,rushbr01,2008
887,14,randoan01,2008
888,15,lopezro01,2008
889,16,speigma01,2008
890,17,hibbero01,2008
891,18,mcgeeja01,2008
892,19,hicksjj01,2008
893,20,ajincal01,2008
894,21,anderry01,2008
895,22,leeco01,2008
896,23,koufoko01,2008
897,24,ibakase01,2008
898,25,batumni01,2008
899,26,hillge01,2008
900,27,arthuda01,2008
901,28,greendo01,2008
902,29,whitedj01,2008
903,30,giddejr01,2008
904,31,pekovni01,2008
905,32,sharpwa01,2008
906,33,dorsejo01,2008
907,34,chalmma01,2008
908,35,jordade01,2008
909,36,asikom01,2008
910,37,mbahalu01,2008
911,38,weaveky01,2008
912,39,weemsso01,2008
913,40,douglch01,2008
914,41,jawaina01,2008
915,42,singlse01,2008
916,43,ewingpa02,2008
917,45,dragigo01,2008
918,47,walkebi01,2008
919,48,hairsma01,2008
920,52,jacksda01,2008
921,55,taylomi01,2008
922,56,kaunsa01,2008
923,58,crawfjo01,2008
924,60,erdense01,2008
925,1,griffbl01,2009
926,2,thabeha01,2009
927,3,hardeja01,2009
928,4,evansty01,2009
929,5,rubiori01,2009
930,6,flynnjo01,2009
931,7,curryst01,2009
932,8,hilljo01,2009
933,9,derozde01,2009
934,10,jennibr01,2009
935,11,willite01,2009
936,12,hendege02,2009
937,13,hansbty01,2009
938,14,clarkea01,2009
939,15,dayeau01,2009
940,16,johnsja01,2009
941,17,holidjr01,2009
942,18,lawsoty01,2009
943,19,teaguje01,2009
944,20,maynoer01,2009
945,21,collida01,2009
946,22,clavevi01,2009
947,23,casspom01,2009
948,24,mulleby01,2009
949,25,beaubro01,2009
950,26,gibsota01,2009
951,27,carrode01,2009
952,28,ellinwa01,2009
953,29,douglto01,2009
954,30,eyengch01,2009
955,31,pendeje02,2009
956,32,tayloje02,2009
957,33,cunnida01,2009
958,35,summeda01,2009
959,36,youngsa01,2009
960,37,blairde01,2009
961,38,brockjo01,2009
962,39,jerebjo01,2009
963,40,brownde04,2009
964,41,meeksjo01,2009
965,42,beverpa01,2009
966,43,thornma01,2009
967,44,budinch01,2009
968,45,calatni01,2009
969,46,greenda02,2009
970,48,griffta01,2009
971,52,priceaj01,2009
972,53,decolna01,2009
973,55,millspa02,2009
974,58,hudsole01,2009
975,1,walljo01,2010
976,2,turneev01,2010
977,3,favorde01,2010
978,4,johnswe01,2010
979,5,couside01,2010
980,6,udohek01,2010
981,7,monrogr01,2010
982,8,aminual01,2010
983,9,haywago01,2010
984,10,georgpa01,2010
985,11,aldrico01,2010
986,12,henryxa01,2010
987,13,davised01,2010
988,14,pattepa01,2010
989,15,sandela01,2010
990,16,babbilu01,2010
991,17,serapke01,2010
992,18,bledser01,2010
993,19,bradlav01,2010
994,20,anderja01,2010
995,21,brackcr01,2010
996,22,williel01,2010
997,23,booketr01,2010
998,24,jamesda01,2010
999,25,jonesdo02,2010
1000,26,pondequ01,2010
1001,27,crawfjo02,2010
1002,28,vasqugr01,2010
1003,29,ortonda01,2010
1004,30,haywala01,2010
1005,31,pleisti01,2010
1006,32,pittmde01,2010
1007,33,whiteha01,2010
1008,34,johnsar02,2010
1009,35,bjeline01,2010
1010,37,hobsoda01,2010
1011,38,rautian01,2010
1012,39,fieldla01,2010
1013,40,stephla01,2010
1014,41,varnaja01,2010
1015,43,ebankde01,2010
1016,44,jordaje01,2010
1017,46,lawalga01,2010
1018,50,alabiso01,2010
1019,52,haranlu01,2010
1020,53,sypa01,2010
1021,54,warrewi01,2010
1022,55,evansje01,2010
1023,56,ndiayha01,2010
1024,57,reidry01,2010
1025,58,caracde01,2010
1026,1,irvinky01,2011
1027,2,willide02,2011
1028,3,kanteen01,2011
1029,4,thomptr01,2011
1030,5,valanjo01,2011
1031,6,veselja01,2011
1032,7,biyombi01,2011
1033,8,knighbr03,2011
1034,9,walkeke02,2011
1035,10,fredeji01,2011
1036,11,thompkl01,2011
1037,12,burksal01,2011
1038,13,morrima02,2011
1039,14,morrima03,2011
1040,15,leonaka01,2011
1041,16,vucevni01,2011
1042,17,shumpim01,2011
1043,18,singlch01,2011
1044,19,harrito02,2011
1045,20,motiedo01,2011
1046,21,smithno01,2011
1047,22,farieke01,2011
1048,23,mirotni01,2011
1049,24,jacksre01,2011
1050,25,brookma01,2011
1051,26,hamiljo02,2011
1052,27,johnsja02,2011
1053,28,coleno01,2011
1054,29,josepco01,2011
1055,30,butleji01,2011
1056,31,bogdabo02,2011
1057,32,harpeju01,2011
1058,33,singlky01,2011
1059,34,macksh01,2011
1060,35,honeyty01,2011
1061,36,willijo03,2011
1062,37,thomptr02,2011
1063,38,parsoch01,2011
1064,39,tylerje01,2011
1065,40,leuerjo01,2011
1066,41,morrida01,2011
1067,42,bertada01,2011
1068,43,leema01,2011
1069,44,jenkich01,2011
1070,45,harrejo01,2011
1071,46,goudean01,2011
1072,47,leslitr01,2011
1073,48,bensoke02,2011
1074,49,selbyjo01,2011
1075,50,allenla01,2011
1076,52,macklve01,2011
1077,53,liggide01,2011
1078,55,mooreet01,2011
1079,60,thomais02,2011
1080,1,davisan02,2012
1081,2,kiddgmi01,2012
1082,3,bealbr01,2012
1083,4,waitedi01,2012
1084,5,robinth01,2012
1085,6,lillada01,2012
1086,7,barneha02,2012
1087,8,rosste01,2012
1088,9,drumman01,2012
1089,10,riverau01,2012
1090,11,leoname01,2012
1091,12,lambje01,2012
1092,13,marshke01,2012
1093,14,hensojo01,2012
1094,15,harklma01,2012
1095,16,whitero03,2012
1096,17,zellety01,2012
1097,18,joneste01,2012
1098,19,nichoan01,2012
1099,20,fournev01,2012
1100,21,sullija01,2012
1101,22,melofa01,2012
1102,23,jenkijo01,2012
1103,24,cunnija01,2012
1104,25,wroteto01,2012
1105,26,plumlmi01,2012
1106,27,moultar01,2012
1107,28,jonespe01,2012
1108,29,teaguma01,2012
1109,30,ezelife01,2012
1110,31,tayloje03,2012
1111,32,satorto01,2012
1112,33,jamesbe01,2012
1113,34,crowdja01,2012
1114,35,greendr01,2012
1115,36,johnsor01,2012
1116,37,acyqu01,2012
1117,38,millequ01,2012
1118,39,middlkh01,2012
1119,40,bartowi01,2012
1120,41,tayloty01,2012
1121,42,lambdo01,2012
1122,43,scottmi01,2012
1123,44,engliki01,2012
1124,45,hamilju01,2012
1125,46,milleda01,2012
1126,47,murphke01,2012
1127,48,papanko01,2012
1128,49,oquinky01,2012
1129,51,josepkr01,2012
1130,52,kuzmiog01,2012
1131,53,aldemfu01,2012
1132,54,shengto01,2012
1133,55,johnsda03,2012
1134,58,hummero01,2012
1135,60,sacrero01,2012
1136,1,bennean01,2013
1137,2,oladivi01,2013
1138,3,porteot01,2013
1139,4,zelleco01,2013
1140,5,lenal01,2013
1141,6,noelne01,2013
1142,7,mclembe01,2013
1143,8,caldwke01,2013
1144,9,burketr01,2013
1145,10,mccolcj01,2013
1146,11,cartemi01,2013
1147,12,adamsst01,2013
1148,13,olynyke01,2013
1149,14,muhamsh01,2013
1150,15,antetgi01,2013
1151,16,noguelu01,2013
1152,17,schrode01,2013
1153,18,larkish01,2013
1154,19,karasse01,2013
1155,20,snellto01,2013
1156,21,dienggo01,2013
1157,22,plumlma01,2013
1158,23,hillso01,2013
1159,24,hardati02,2013
1160,25,bullore01,2013
1161,26,roberan03,2013
1162,27,goberru01,2013
1163,29,goodwar01,2013
1164,30,nedovne01,2013
1165,31,crabbal01,2013
1166,32,abrinal01,2013
1167,33,felixca01,2013
1168,34,canaais01,2013
1169,35,ricegl02,2013
1170,36,mccalra01,2013
1171,37,mitchto02,2013
1172,38,woltena01,2013
1173,39,witheje01,2013
1174,40,jerregr01,2013
1175,41,frankja01,2013
1176,42,jackspi01,2013
1177,43,ledori01,2013
1178,44,muscami01,2013
1179,46,greener01,2013
1180,47,netora01,2013
1181,48,kellyry01,2013
1182,49,murpher01,2013
1183,50,ennisja01,2013
1184,52,brownlo01,2013
1185,55,lauvejo01,2013
1186,56,sivape01,2013
1187,1,wiggian01,2014
1188,2,parkeja01,2014
1189,3,embiijo01,2014
1190,4,gordoaa01,2014
1191,5,exumda01,2014
1192,6,smartma01,2014
1193,7,randlju01,2014
1194,8,stausni01,2014
1195,9,vonleno01,2014
1196,10,paytoel01,2014
1197,11,mcderdo01,2014
1198,12,saricda01,2014
1199,13,lavinza01,2014
1200,14,warretj01,2014
1201,15,paynead01,2014
1202,16,nurkiju01,2014
1203,17,youngja01,2014
1204,18,ennisty01,2014
1205,19,harriga01,2014
1206,20,cabocbr01,2014
1207,21,mcgarmi01,2014
1208,22,adamsjo01,2014
1209,23,hoodro01,2014
1210,24,napiesh01,2014
1211,25,capelca01,2014
1212,26,hairspj02,2014
1213,27,bogdabo01,2014
1214,28,wilcocj01,2014
1215,29,huestjo01,2014
1216,30,anderky01,2014
1217,31,inglida01,2014
1218,32,mcdankj01,2014
1219,33,harrijo01,2014
1220,34,earlycl01,2014
1221,35,stokeja01,2014
1222,36,obryajo01,2014
1223,38,dinwisp01,2014
1224,39,grantje01,2014
1225,40,robingl02,2014
1226,41,jokicni01,2014
1227,42,johnsni01,2014
1228,43,tavarwa01,2014
1229,44,brownma02,2014
1230,45,poweldw01,2014
1231,46,clarkjo01,2014
1232,47,smithru01,2014
1233,48,pattela01,2014
1234,49,bairsca01,2014
1235,51,antetth01,2014
1236,55,chrisse01,2014
1237,56,marblde01,2014
1238,58,mcraejo01,2014
1239,60,jeffeco01,2014
1240,1,townska01,2015
1241,2,russeda01,2015
1242,3,okafoja01,2015
1243,4,porzikr01,2015
1244,5,hezonma01,2015
1245,6,caulewi01,2015
1246,7,mudiaem01,2015
1247,8,johnsst04,2015
1248,9,kaminfr01,2015
1249,10,winslju01,2015
1250,11,turnemy01,2015
1251,12,lylestr01,2015
1252,13,bookede01,2015
1253,14,payneca01,2015
1254,15,oubreke01,2015
1255,16,roziete01,2015
1256,17,vaughra01,2015
1257,18,dekkesa01,2015
1258,19,grantje02,2015
1259,20,wrighde01,2015
1260,21,anderju01,2015
1261,22,portibo01,2015
1262,23,holliro01,2015
1263,24,jonesty01,2015
1264,25,martija01,2015
1265,27,nancela02,2015
1266,28,hunterj01,2015
1267,29,mcculch01,2015
1268,30,looneke01,2015
1269,31,osmande01,2015
1270,32,harremo01,2015
1271,33,mickejo01,2015
1272,34,brownan02,2015
1273,35,hernawi01,2015
1274,36,chrisra01,2015
1275,37,holmeri01,2015
1276,38,hillida01,2015
1277,40,richajo01,2015
1278,41,connapa01,2015
1279,43,youngjo01,2015
1280,44,harrian01,2015
1281,46,powelno01,2015
1282,48,johnsda04,2015
1283,56,dawsobr01,2015
1284,1,simmobe01,2016
1285,2,ingrabr01,2016
1286,3,brownja02,2016
1287,4,bendedr01,2016
1288,5,dunnkr01,2016
1289,6,hieldbu01,2016
1290,7,murraja01,2016
1291,8,chrisma01,2016
1292,9,poeltja01,2016
1293,10,makerth01,2016
1294,11,sabondo01,2016
1295,12,princta02,2016
1296,13,papagge01,2016
1297,14,valende01,2016
1298,15,hernaju01,2016
1299,16,yabusgu01,2016
1300,17,baldwwa01,2016
1301,18,ellenhe01,2016
1302,19,beaslma01,2016
1303,20,leverca01,2016
1304,21,bembrde01,2016
1305,22,richama01,2016
1306,23,zizican01,2016
1307,24,luwawti01,2016
1308,25,johnsbr02,2016
1309,26,korkmfu01,2016
1310,27,siakapa01,2016
1311,28,labissk01,2016
1312,29,murrade01,2016
1313,30,jonesda03,2016
1314,31,davisde01,2016
1315,32,zubaciv01,2016
1316,33,diallch01,2016
1317,34,ulisty01,2016
1318,36,brogdma01,2016
1319,37,onuakch01,2016
1320,38,mccawpa01,2016
1321,40,stonedi01,2016
1322,41,zimmest01,2016
1323,42,whiteis01,2016
1324,43,qizh01,2016
1325,45,jacksde01,2016
1326,46,hammoaj01,2016
1327,47,laymaja01,2016
1328,48,zipsepa01,2016
1329,49,gbinimi01,2016
1330,50,niangge01,2016
1331,51,bentibe01,2016
1332,52,bolomjo01,2016
1333,54,feldeka01,2016
1334,55,paigema01,2016
1335,56,hamilda02,2016
1336,58,naderab01,2016
1337,60,wallaty01,2016
1338,1,fultzma01,2017
1339,2,balllo01,2017
1340,3,tatumja01,2017
1341,4,jacksjo02,2017
1342,5,foxde01,2017
1343,6,isaacjo01,2017
1344,7,markkla01,2017
1345,8,ntilila01,2017
1346,9,smithde03,2017
1347,10,colliza01,2017
1348,11,monkma01,2017
1349,12,kennalu01,2017
1350,13,mitchdo01,2017
1351,14,adebaba01,2017
1352,15,jacksju01,2017
1353,16,pattoju01,2017
1354,17,wilsodj01,2017
1355,18,leaftj01,2017
1356,19,collijo01,2017
1357,21,fergute01,2017
1358,22,allenja01,2017
1359,23,anunoog01,2017
1360,24,lydonty01,2017
1361,26,swanica01,2017
1362,27,kuzmaky01,2017
1363,28,bradlto01,2017
1364,29,whitede01,2017
1365,30,hartjo01,2017
1366,32,reedda01,2017
1367,33,iwundwe01,2017
1368,34,masonfr01,2017
1369,35,rabbiv01,2017
1370,37,ojelese01,2017
1371,38,belljo01,2017
1372,39,evansja01,2017
1373,40,bacondw01,2017
1374,41,dorsety01,2017
1375,42,bryanth01,2017
1376,44,dotsoda01,2017
1377,45,brookdi01,2017
1378,46,brownst02,2017
1379,47,anigbik01,2017
1380,48,thornsi01,2017
1381,51,morrimo01,2017
1382,52,sumneed01,2017
1383,53,allenka01,2017
1384,54,peteral01,2017
1385,56,birdja01,2017
1386,61,eliema01,1990
1387,61,flemive01,1990
1388,61,powelka01,1990
1389,61,bazemke01,1990
1390,61,garinpa01,1990
1391,61,sandeme01,1990
1392,61,sampsra01,1990
1393,61,garrito01,1990
1394,61,tisdawa01,1990
1395,61,eddiepa01,1990
1396,61,bondwa01,1990
1397,61,cookqu01,1990
1398,61,ferryda01,1990
1399,61,turneje01,1990
1400,61,powelro01,1990
1401,61,thorpot01,1990
1402,61,shaskjo01,1990
1403,61,alforst01,1990
1404,61,hopsosc01,1990
1405,61,johnser01,1990
1406,61,hardati01,1990
1407,61,lockhia01,1990
1408,61,dedmode01,1990
1409,61,willire01,1990
1410,61,brancad01,1990
1411,61,barroda01,1990
1412,61,dantlad01,1990
1413,61,fergude01,1990
1414,61,medvest01,1990
1415,61,rodmade01,1990
1416,61,morrira01,1990
1417,61,simmojo02,1990
1418,61,theisda01,1990
1419,61,templga01,1990
1420,61,favervi01,1990
1421,61,brooksc01,1990
1422,61,hastisc01,1990
1423,61,inglejo01,1990
1424,61,gutiejo01,1990
1425,61,cheekma01,1990
1426,61,schayda01,1990
1427,61,jonesma03,1990
1428,61,turnean01,1990
1429,61,stokegr01,1990
1430,61,wilkige01,1990
1431,61,thomaja02,1990
1432,61,grahatr01,1990
1433,61,sanchpe01,1990
1434,61,zellelu01,1990
1435,61,rasmubl01,1990
1436,61,allenra01,1990
1437,61,benimje01,1990
1438,61,majerda01,1990
1439,61,hoppeda01,1990
1440,61,jonesas01,1990
1441,61,henrysk01,1990
1442,61,johnsma02,1990
1443,61,willial03,1990
1444,61,poythal01,1990
1445,61,kleinjo01,1990
1446,61,curcira01,1990
1447,61,wiggimi01,1990
1448,61,pullaan01,1990
1449,61,jonesde01,1990
1450,61,thomabi01,1990
1451,61,griffad01,1990
1452,61,datomlu01,1990
1453,61,dawkian01,1990
1454,61,kingbe01,1990
1455,61,hamilta01,1990
1456,61,vandelo01,1990
1457,61,eatonma01,1990
1458,61,gminsmi01,1990
1459,61,uzohbe01,1990
1460,61,brownra01,1990
1461,61,durhapa01,1990
1462,61,mcgeemi01,1990
1463,61,tripuke01,1990
1464,61,johnsch03,1990
1465,61,willijo02,1990
1466,61,millsel01,1990
1467,61,beckco01,1990
1468,61,jonesde02,1990
1469,61,grayjo01,1990
1470,61,lesji01,1990
1471,61,anthojo01,1990
1472,61,shousde01,1990
1473,61,knighbr02,1990
1474,61,healsh01,1990
1475,61,robinde01,1990
1476,61,savovpr01,1990
1477,61,kingal01,1990
1478,61,klebima01,1990
1479,61,valenda01,1990
1480,61,taylois01,1990
1481,61,rigauan01,1990
1482,61,barklch01,1990
1483,61,georgma01,1990
1484,61,garredi02,1990
1485,61,cousima01,1990
1486,61,wilsoja02,1990
1487,61,marshra01,1990
1488,61,mannida01,1990
1489,61,robincl02,1990
1490,61,quinnbr01,1990
1491,61,whitedo01,1990
1492,61,mooretr01,1990
1493,61,hollajo02,1990
1494,61,smithke01,1990
1495,61,willihe01,1990
1496,61,kingge02,1990
1497,61,eddieja01,1990
1498,61,sykesla01,1990
1499,61,anderer01,1990
1500,61,smithje01,1990
1501,61,pincked01,1990
1502,61,willibu01,1990
1503,61,evansma01,1990
1504,61,myerspe01,1990
1505,61,pankoan01,1990
1506,61,colliky01,1990
1507,61,olajuha01,1990
1508,61,geeal01,1990
1509,61,daughbr01,1990
1510,61,curryde01,1990
1511,61,edwarja02,1990
1512,61,rollitr01,1990
1513,61,ayongu01,1990
1514,61,tolbeto01,1990
1515,61,mensapo01,1990
1516,61,taylodo01,1990
1517,61,benoida01,1990
1518,61,bannike01,1990
1519,61,butlemi02,1990
1520,61,anderwi01,1990
1521,61,amayaas01,1990
1522,61,jacksst01,1990
1523,61,campbto01,1990
1524,61,bateeme01,1990
1525,61,onuakar01,1990
1526,61,kinseta01,1990
1527,61,allrela01,1990
1528,61,roberte01,1990
1529,61,mullich01,1990
1530,61,clarkco01,1990
1531,61,bennewi01,1990
1532,61,stockjo01,1990
1533,61,grundan01,1990
1534,61,brownan01,1990
1535,61,currymi01,1990
1536,61,brownmi01,1990
1537,61,macijar01,1990
1538,61,starkjo01,1990
1539,61,meentsc01,1990
1540,61,garbajo01,1990
1541,61,slatere01,1990
1542,61,hamilze01,1990
1543,61,kilpase01,1990
1544,61,fraziti01,1990
1545,61,ubileed01,1990
1546,61,smithch05,1990
1547,61,matthwe02,1990
1548,61,wilkida02,1990
1549,61,tarplro01,1990
1550,61,burkepa01,1990
1551,61,godfrda01,1990
1552,61,kravtvi01,1990
1553,61,horfoti01,1990
1554,61,farmede01,1990
1555,61,normake01,1990
1556,61,mcphepa01,1990
1557,61,udokaim01,1990
1558,61,pippesc01,1990
1559,61,listeal01,1990
1560,61,wilkied01,1990
1561,61,brownch01,1990
1562,61,richmmi01,1990
1563,61,nixdy01,1990
1564,61,perryti01,1990
1565,61,boykiea01,1990
1566,61,hayesni01,1990
1567,61,azubuke01,1990
1568,61,lohaubr01,1990
1569,61,smrekmi01,1990
1570,61,daniema01,1990
1571,61,alexaga01,1990
1572,61,nelsode01,1990
1573,61,hodgecr01,1990
1574,61,higgiro01,1990
1575,61,laneje01,1990
1576,61,grimmde01,1990
1577,61,stephev01,1990
1578,61,wearda01,1990
1579,61,moonja01,1990
1580,61,smithot01,1990
1581,61,carroma01,1990
1582,61,obertfa01,1990
1583,61,llamaho01,1990
1584,61,samuesa01,1990
1585,61,murphto01,1990
1586,61,webbma01,1990
1587,61,alarima01,1990
1588,61,ollieke01,1990
1589,61,edwarbi01,1990
1590,61,ballce01,1990
1591,61,popsoda01,1990
1592,61,rudezda01,1990
1593,61,feliccr01,1990
1594,61,johnsda02,1990
1595,61,recasel01,1990
1596,61,marjabo01,1990
1597,61,reidro01,1990
1598,61,churcro01,1990
1599,61,keysra01,1990
1600,61,prigipa01,1990
1601,61,levincl01,1990
1602,61,gibsojo01,1990
1603,61,dellama01,1990
1604,61,thomaja01,1990
1605,61,kornefr01,1990
1606,61,graceri01,1990
1607,61,davisch02,1990
1608,61,bellra01,1990
1609,61,bohanet01,1990
1610,61,paxsojo01,1990
1611,61,hitero01,1990
1612,61,hansebo01,1990
1613,61,bazarse01,1990
1614,61,outlabo01,1990
1615,61,griffda01,1990
1616,61,chapmre01,1990
1617,61,edwarsh01,1990
1618,61,morroan01,1990
1619,61,jordami01,1990
1620,61,smithde02,1990
1621,61,scottja01,1990
1622,61,webbja01,1990
1623,61,lemonwa01,1990
1624,61,mccloge01,1990
1625,61,baynear01,1990
1626,61,mortojo01,1990
1627,61,burleke01,1990
1628,61,gattike01,1990
1629,61,willimi03,1990
1630,61,nunnaja01,1990
1631,61,brunsri01,1990
1632,61,westma02,1990
1633,61,swinsaa01,1990
1634,61,babbch01,1990
1635,61,smithth01,1990
1636,61,harriel01,1990
1637,61,paxsoji02,1990
1638,61,kitegr01,1990
1639,61,driggna01,1990
1640,61,reedwi02,1990
1641,61,bakerma01,1990
1642,61,barrean01,1990
1643,61,williho01,1990
1644,61,callori01,1990
1645,61,coltest01,1990
1646,61,battljo01,1990
1647,61,peterji01,1990
1648,61,jasiksa01,1990
1649,61,sandemi01,1990
1650,61,paspaza01,1990
1651,61,daviswa03,1990
1652,61,walkeke01,1990
1653,61,blaylmo01,1990
1654,61,greensi02,1990
1655,61,mundtto01,1990
1656,61,stricma01,1990
1657,61,nealyed01,1990
1658,61,penigde01,1990
1659,61,penneki01,1990
1660,61,stephjo01,1990
1661,61,oldhaja01,1990
1662,61,wrighho02,1990
1663,61,smithgr02,1990
1664,61,anderni01,1990
1665,61,crottjo01,1990
1666,61,mitchsa01,1990
1667,61,carran01,1990
1668,61,petrodr01,1990
1669,61,acresma01,1990
1670,61,amaecjo01,1990
1671,61,harvean01,1990
1672,61,curetea01,1990
1673,61,onealro01,1990
1674,61,hansbbe01,1990
1675,61,willimi02,1990
1676,61,carusal01,1990
1677,61,brynto01,1990
1678,61,teaglte01,1990
1679,61,dudlech02,1990
1680,61,johnsst03,1990
1681,61,newbiiv01,1990
1682,61,dawsoer01,1990
1683,61,wyndeaj01,1990
1684,61,osullda01,1990
1685,61,dragizo01,1990
1686,61,shortpu01,1990
1687,61,smithch01,1990
1688,61,aingeda01,1990
1689,61,ortizjo01,1990
1690,61,gamblke01,1990
1691,61,landrma01,1990
1692,61,harpede01,1990
1693,61,matthwe01,1990
1694,61,toupaax01,1990
1695,61,davisbr01,1990
1696,61,linje01,1990
1697,61,howarst01,1990
1698,61,dawkijo01,1990
1699,61,caldejo01,1990
1700,61,johnsca01,1990
1701,61,buyckdw01,1990
1702,61,greenja01,1990
1703,61,jordath01,1990
1704,61,woodle01,1990
1705,61,jetereu01,1990
1706,61,lettcl01,1990
1707,61,willija04,1990
1708,61,grayeje01,1990
1709,61,nealga01,1990
1710,61,malonje01,1990
1711,61,edwarke01,1990
1712,61,frahmri01,1990
1713,61,gainesu01,1990
1714,61,portete01,1990
1715,61,dowdeza01,1990
1716,61,cofferi01,1990
1717,61,garnema01,1990
1718,61,nevitch01,1990
1719,61,roberal01,1990
1720,61,henrymy01,1990
1721,61,quartti01,1990
1722,61,garceru01,1990
1723,61,curryse01,1990
1724,61,brownbo02,1990
1725,61,stephdj01,1990
1726,61,smithla01,1990
1727,61,cookech01,1990
1728,61,rowinji01,1990
1729,61,hugheed01,1990
1730,61,winchke01,1990
1731,61,jamisha01,1990
1732,61,johnsbr01,1990
1733,61,silasxa01,1990
1734,61,fordsh02,1990
1735,61,schenlu01,1990
1736,61,alumape01,1990
1737,61,donalja01,1990
1738,61,spencan01,1990
1739,61,teodomi01,1990
1740,61,robincl01,1990
1741,61,mahorri01,1990
1742,61,armstbj01,1990
1743,61,jentch01,1990
1744,61,jonesan01,1990
1745,61,whitean01,1990
1746,61,kiddwa01,1990
1747,61,jacksja01,1990
1748,61,sichtje01,1990
1749,61,bremejr01,1990
1750,61,nocioan01,1990
1751,61,lorthry01,1990
1752,61,cagemi01,1990
1753,61,willitr02,1990
1754,61,daniell01,1990
1755,61,millebr01,1990
1756,61,vrankst01,1990
1757,61,higgico01,1990
1758,61,johnsav01,1990
1759,61,rathaxa01,1990
1760,61,presspa01,1990
1761,61,floydsl01,1990
1762,61,greende01,1990
1763,61,newbeme01,1990
1764,61,pressha01,1990
1765,61,robinja03,1990
1766,61,moorejo01,1990
1767,61,sparrro01,1990
1768,61,sampsja02,1990
1769,61,woolror01,1990
1770,61,hawkimi01,1990
1771,61,sloando01,1990
1772,61,brundst01,1990
1773,61,randosh01,1990
1774,61,garrede01,1990
1775,61,bradtma01,1990
1776,61,covinro01,1990
1777,61,nwabada01,1990
1778,61,thompbi01,1990
1779,61,smithst02,1990
1780,61,simsal01,1990
1781,61,applike01,1990
1782,61,collish01,1990
1783,61,tucketr01,1990
1784,61,mccontj01,1990
1785,61,mckinca01,1990
1786,61,connele01,1990
1787,61,riverda01,1990
1788,61,huntece01,1990
1789,61,tabusyu01,1990
1790,61,kuzmimi01,1990
1791,61,workmha01,1990
1792,61,theusre01,1990
1793,61,johnsma01,1990
1794,61,hasleud01,1990
1795,61,hammoto01,1990
1796,61,rayal01,1990
1797,61,fredean01,1990
1798,61,roberfr01,1990
1799,61,elliose01,1990
1800,61,williaa01,1990
1801,61,tobeymi01,1990
1802,61,wileymo01,1990
1803,61,thompmy02,1990
1804,61,jacksce01,1990
1805,61,harrimi01,1990
1806,61,oggal01,1990
1807,61,conloma01,1990
1808,61,grayev01,1990
1809,61,rulanje01,1990
1810,61,woodch01,1990
1811,61,coopemi01,1990
1812,61,bolma01,1990
1813,61,wingada01,1990
1814,61,madkige01,1990
1815,61,sealssh01,1990
1816,61,brownti01,1990
1817,61,jamesmi02,1990
1818,61,teletmi01,1990
1819,61,williju01,1990
1820,61,fullehi01,1990
1821,61,lucasjo01,1990
1822,61,laimbbi01,1990
1823,61,joneske01,1990
1824,61,dawsoto01,1990
1825,61,rothsc01,1990
1826,61,vinceja01,1990
1827,61,nimphku01,1990
1828,61,divacvl01,1990
1829,61,ruckegu01,1990
1830,61,grahast01,1990
1831,61,batises01,1990
1832,61,paddige01,1990
1833,61,courtjo01,1990
1834,61,leverfa01,1990
1835,61,milesaa01,1990
1836,61,radulmi01,1990
1837,61,thomach01,1990
1838,61,plumlma02,1990
1839,61,huntech01,1990
1840,61,arroyca01,1990
1841,61,sikmaja01,1990
1842,61,wilkido01,1990
1843,61,mcdancl01,1990
1844,61,jordare01,1990
1845,61,vincesa01,1990
1846,61,johnstr01,1990
1847,61,jamesmi01,1990
1848,61,thomaji01,1990
1849,61,youngda01,1990
1850,61,footeje01,1990
1851,61,hornede01,1990
1852,61,anderal01,1990
1853,61,stoneju01,1990
1854,61,torreos01,1990
1855,61,vardara01,1990
1856,61,sabonar01,1990
1857,61,thomala01,1990
1858,61,ndongbo01,1990
1859,61,harriju01,1990
1860,61,leeku01,1990
1861,61,grantga01,1990
1862,61,longjo01,1990
1863,61,mccreer01,1990
1864,61,blantri01,1990
1865,61,hoodde01,1990
1866,61,smithch02,1990
1867,61,aguirma01,1990
1868,61,gildetr01,1990
1869,61,lucasjo02,1990
1870,61,taylole01,1990
1871,61,grantgr01,1990
1872,61,davisjo02,1990
1873,61,brownto01,1990
1874,61,blackro01,1990
1875,61,weberbr01,1990
1876,61,mooremi01,1990
1877,61,bedfowi01,1990
1878,61,garcial01,1990
1879,61,adrieje01,1990
1880,61,cokerjo01,1990
1881,61,longar01,1990
1882,61,josepga01,1990
1883,61,akognjo01,1990
1884,61,martica01,1990
1885,61,forbebr01,1990
1886,61,chrispa01,1990
1887,61,blackal01,1990
1888,61,owensla01,1990
1889,61,uthofja01,1990
1890,61,legleti01,1990
1891,61,butlegr01,1990
1892,61,lowesi01,1990
1893,61,radjadi01,1990
1894,61,mcadoja01,1990
1895,61,mcgruro01,1990
1896,61,munfoxa02,1990
1897,61,bucknst01,1990
1898,61,brussni01,1990
1899,61,parisro01,1990
1900,61,steveba01,1990
1901,61,borrela01,1990
1902,61,wilksmi01,1990
1903,61,jonesch03,1990
1904,61,catlete01,1990
1905,61,sandeje01,1990
1906,61,grantha01,1990
1907,61,harpero01,1990
1908,61,toolsan01,1990
1909,61,edwarja01,1990
1910,61,copato01,1990
1911,61,mitchto03,1990
1912,61,ochefda01,1990
1913,61,sundvjo01,1990
1914,61,fontais01,1990
1915,61,upshake01,1990
1916,61,lewisre01,1990
1917,61,oaklech01,1990
1918,61,dunntr01,1990
1919,61,mchalke01,1990
1920,61,felixno01,1990
1921,61,englijo01,1990
1922,61,thompst01,1990
1923,61,mcdanxa01,1990
1924,61,drewla02,1990
1925,61,atkinch01,1990
1926,61,cunniwi01,1990
1927,61,edwarjo01,1990
1928,61,dempsde01,1990
1929,61,vinsofr01,1990
1930,61,braggma01,1990
1931,61,esposvi01,1990
1932,61,bynumwi01,1990
1933,61,dumarjo01,1990
1934,61,hawkiju01,1990
1935,61,smithcl01,1990
1936,61,wiltjky01,1990
1937,61,allenma01,1990
1938,61,clevean01,1990
1939,61,leonaga01,1990
1940,61,gilliar01,1990
1941,61,mekelga01,1990
1942,61,willode01,1990
1943,61,davisem01,1990
1944,61,willitr01,1990
1945,61,waltode01,1990
1946,61,palacmi01,1990
1947,61,harrito01,1990
1948,61,ndourma01,1990
1949,61,langan01,1990
1950,61,marcisa01,1990
1951,61,stephal01,1990
1952,61,brownja01,1990
1953,61,packro01,1990
1954,61,turnehe02,1990
1955,61,kingst01,1990
1956,61,lichtto01,1990
1957,61,artisja01,1990
1958,61,blackja01,1990
1959,61,fortsco01,1990
1960,61,kernejo01,1990
1961,61,childch01,1990
1962,61,waynsma01,1990
1963,61,anderro01,1990
1964,61,calipde01,1990
1965,61,amundlo01,1990
1966,61,corzida01,1990
1967,61,roberan02,1990
1968,61,holtomi01,1990
1969,61,warneja01,1990
1970,61,obriejj01,1990
1971,61,cavanty01,1990
1972,61,olivede01,1990
1973,61,crispjo01,1990
1974,61,johnsiv01,1990
1975,61,majorre01,1990
1976,61,krystla01,1990
1977,61,othicma01,1990
1978,61,kutluib01,1990
1979,61,owesra01,1990
1980,61,guidija01,1990
1981,61,martida01,1990
1982,61,carruji01,1990
1983,61,greenri01,1990
1984,61,thomair01,1990
1985,61,bookeme01,1990
1986,61,gervide01,1990
1987,61,washida01,1990
1988,61,jenkiho01,1990
1989,61,richaje01,1990
1990,61,daviebr01,1990
1991,61,sheppje01,1990
1992,61,grayde01,1990
1993,61,stricer01,1990
1994,61,leedo01,1990
1995,61,thompmy01,1990
1996,61,simshe01,1990
1997,61,drexlcl01,1990
1998,61,pricema01,1990
1999,61,mcleoke01,1990
2000,61,perralo01,1990
2001,61,mathima01,1990
2002,61,johnsna01,1990
2003,61,closske01,1990
2004,61,hovasto01,1990
2005,61,grahapa01,1990
2006,61,persoch01,1990
2007,61,hamda01,1990
2008,61,delnevi01,1990
2009,61,haddaha01,1990
2010,61,anderan02,1990
2011,61,trybace01,1990
2012,61,hugheri02,1990
2013,61,wrighch02,1990
2014,61,singlja01,1990
2015,61,robined01,1990
2016,61,anslemi01,1990
2017,61,feitlda01,1990
2018,61,addisra01,1990
2019,61,butleja01,1990
2020,61,tollian01,1990
2021,61,kerseje01,1990
2022,61,colembe01,1990
2023,61,welpch01,1990
2024,61,chrisdi01,1990
2025,61,johnske02,1990
2026,61,smithmi01,1990
2027,61,askewvi01,1990
2028,61,johnsch04,1990
2029,61,skilesc01,1990
2030,61,whittsh01,1990
2031,61,hallmi01,1990
2032,61,mccarke01,1990
2033,61,harrish01,1990
2034,61,longgr01,1990
2035,61,magetjo01,1990
2036,61,kempsh01,1990
2037,61,roberbr01,1990
2038,61,volkoal01,1990
2039,61,vetragu01,1990
2040,61,wittmra01,1990
2041,61,bullama01,1990
2042,61,dunlemi01,1990
2043,61,shackch01,1990
2044,61,vanteda01,1990
2045,61,corbity01,1990
2046,61,farmeto01,1990
2047,61,mccanbo01,1990
2048,61,mckinal01,1990
2049,61,scottby01,1990
2050,61,johnsde01,1990
2051,61,bobbito01,1990
2052,61,wennibi01,1990
2053,61,smitsri01,1990
2054,61,miskija01,1990
2055,61,stewala01,1990
2056,61,thomaad01,1990
2057,61,birchkh01,1990
2058,61,nembhru01,1990
2059,61,humphja01,1990
2060,61,holidju01,1990
2061,61,santida01,1990
2062,61,cartema01,1990
2063,61,evansre01,1990
2064,61,cherrwi01,1990
2065,61,hendege01,1990
2066,61,duprero01,1990
2067,61,carlige01,1990
2068,61,smithst03,1990
2069,61,jacksaa01,1990
2070,61,seikaro01,1990
2071,61,costema01,1990
2072,61,boguemu01,1990
2073,61,willicj01,1990
2074,61,haffnsc01,1990
2075,61,adamsmi01,1990
2076,61,toneyse01,1990
2077,61,mccraro01,1990
2078,61,cvetkra01,1990
2079,61,reineja01,1990
2080,61,mcmilna01,1990
2081,61,polynol01,1990
2082,61,chievde01,1990
2083,61,kofoeba01,1990
2084,61,lewisce01,1990
2085,61,brickfr01,1990
2086,61,huffmna01,1990
2087,61,pulleja01,1990
2088,61,kemptti01,1990
2089,61,shirlpa01,1990
2090,61,alexacl01,1990
2091,61,nealcr01,1990
2092,61,quinnch01,1990
2093,61,karlco01,1990
2094,61,wesleda01,1990
2095,61,sellebr01,1990
2096,61,ferreyo01,1990
2097,61,greenac01,1990
2098,61,machasc01,1990
2099,61,jeffeot01,1990
2100,61,silerga01,1990
2101,61,jonesch01,1990
2102,61,hudsotr01,1990
2103,61,nwosuju01,1990
2104,61,lewisra01,1990
2105,61,mayesth01,1990
2106,61,englial01,1990
2107,61,walkeda01,1990
2108,61,whatlen01,1990
2109,61,greenda01,1990
2110,61,johnsty01,1990
2111,61,simmoko01,1990
2112,61,richano01,1990
2113,61,reynoje01,1990
2114,61,daviste01,1990
2115,61,szabobr01,1990
2116,61,penbemi01,1990
2117,61,perduwi01,1990
2118,61,kimbrst01,1990
2119,61,webbsp01,1990
2120,61,towerke01,1990
2121,61,paulbr01,1990
2122,61,westdo01,1990
2123,61,ruffitr01,1990
2124,61,plummga01,1990
2125,61,blueva01,1990
2126,61,goodrst01,1990
2127,61,hillst01,1990
2128,61,motlejo01,1990
2129,61,mccorti01,1990
2130,61,danietr01,1990
2131,61,grantho01,1990
2132,61,copelch01,1990
2133,61,dreilgr01,1990
2134,61,hansore01,1990
2135,61,batismi01,1990
2136,61,riverdo01,1990
2137,61,stiemgr01,1990
2138,61,koncajo01,1990
2139,61,willire02,1990
2140,61,smithis01,1990
2141,61,moorebe01,1990
2142,61,schrede01,1990
2143,61,gordodr01,1990
2144,61,bareajo01,1990
2145,61,jacksra02,1990
2146,61,pargoja01,1990
2147,61,lafayol01,1990
2148,61,doylemi01,1990
2149,61,harmoje01,1990
2150,61,hunteot01,1990
2151,61,bowenbr01,1990
2152,61,brownge02,1990
2153,61,johnsli01,1990
2154,61,nancela01,1990
2155,61,baileth01,1990
2156,61,johnsfr01,1990
2157,61,maxweve01,1990
2158,61,clavegi01,1990
2159,61,scaleal01,1990
2160,61,purviro01,1990
2161,61,basdeed01,1990
2162,61,leeda03,1990
2163,61,parkesm01,1990
2164,61,harriaa01,1990
2165,61,morrija01,1990
2166,61,rambiku01,1990
2167,61,morrich01,1990
2168,61,owenske01,1990
2169,61,colsose01,1990
2170,61,thomama01,1990
2171,61,conrowi01,1990
2172,61,benjabe01,1990
2173,61,richapo01,1990
2174,61,malonmo01,1990
2175,61,garlawi01,1990
2176,61,doziepj01,1990
2177,61,whitera01,1990
2178,61,grandji01,1990
2179,61,copella01,1990
2180,61,royaldo01,1990
2181,61,harrist01,1990
2182,61,langfke01,1990
2183,61,wolfjo01,1990
2184,61,higgimi01,1990
2185,61,vocega01,1990
2186,61,masonan01,1990
2187,61,jennike01,1990
2188,61,davidko01,1990
2189,61,willike02,1990
2190,61,anderch01,1990
2191,61,woodsmi01,1990
2192,61,battlke01,1990
2193,61,ruddde01,1990
2194,61,blabuw01,1990
2195,61,delanma01,1990
2196,61,leboje01,1990
2197,61,mozgoti01,1990
2198,61,bowiean01,1990
2199,61,kornelu01,1990
2200,61,baglejo01,1990
2201,61,hornaje01,1990
2202,61,diawaya01,1990
2203,61,irvinby01,1990
2204,61,rossqu01,1990
2205,61,shakumu01,1990
2206,61,malonka01,1990
2207,61,vanvlfr01,1990
2208,61,finnedo01,1990
2209,61,boneyde01,1990
2210,61,wadema01,1990
2211,61,marblro01,1990
2212,61,edwarbl01,1990
2213,61,djordal01,1990
2214,61,blackta01,1990
2215,61,thompho01,1990
2216,61,jonesdw02,1990
2217,61,newblir01,1990
2218,61,hortoed01,1990
2219,61,breuera01,1990
2220,61,johnsbu01,1990
2221,61,cookan01,1990
2222,61,ndiayma01,1990
2223,61,breauti01,1990
2224,61,wenstma01,1990
2225,61,clarkia01,1990
2226,61,johnsed03,1990
2227,61,weartr01,1990
2228,61,newmajo01,1990
2229,61,simsco01,1990
2230,61,vandeki01,1990
2231,61,huertma01,1990
2232,61,gazean01,1990
2233,61,woodda01,1990
2234,61,caldwad01,1990
2235,61,ehlocr01,1990
2236,61,ferredu01,1990
2237,61,owensan01,1990
2238,61,blakean01,1990
2239,61,cummipa01,1990
2240,61,cambrde01,1990
2241,61,wrighch01,1990
2242,61,shawbr01,1990
2243,61,huntevi01,1990
2244,61,macksa01,1990
2245,61,willisc01,1990
2246,61,malonma01,1990
2247,61,gilled01,1990
2248,61,jonesca01,1990
2249,61,murryto01,1990
2250,61,pinknke01,1990
2251,61,drewla01,1990
2252,61,moncrsi01,1990
2253,61,robinda01,1990
2254,61,jameshe01,1990
2255,61,thompla01,1990
2256,61,burttst01,1990
2257,61,willima05,1990
2258,61,carliri01,1990
2259,61,larueru01,1990
2260,61,askinke01,1990
2261,61,turnewa01,1990
2262,61,reidjr01,1990
2263,61,phelpde01,1990
2264,61,salvake01,1990
2265,61,poweljo01,1990
2266,61,mccrach01,1990
2267,61,southja01,1990
2268,61,wileyja01,1990
2269,61,birdla01,1990
2270,61,ellisha01,1990
2271,61,kennedj01,1990
2272,61,anderri01,1990
2273,61,thomais01,1990
2274,61,youngmi01,1990
2275,61,mokespa01,1990
2276,61,guibean01,1990
2277,61,millema01,1990
2278,61,dysonje01,1990
2279,61,mckintr01,1990
2280,61,haleyja01,1990
2281,61,rothdo01,1990
2282,61,shvedal01,1990
2283,61,dailequ01,1990
2284,61,stewami01,1990
2285,61,stricro02,1990
2286,61,forbega01,1990
2287,61,mejrisa01,1990
2288,61,kerrst01,1990
2289,61,tayloja01,1990
2290,61,bryanma01,1990
2291,61,jacksmi02,1990
2292,61,thomaca01,1990
2293,61,wallabe01,1990
2294,61,harrima01,1990
2295,61,ewingpa01,1990
2296,61,storeaw01,1990
2297,61,douglsh01,1990
2298,61,pressph01,1990
2299,61,armstda01,1990
2300,61,andergr01,1990
2301,61,ellisda01,1990
2302,61,ricegl01,1990
2303,61,bhullsi01,1990
2304,61,chambto01,1990
2305,61,gardnth01,1990
2306,61,grayst01,1990
2307,61,munkch01,1990
2308,61,ohlbrti01,1990
2309,61,greerly01,1990
2310,61,gallola01,1990
2311,61,scottbr01,1990
2312,61,frankte01,1990
2313,61,willilo01,1990
2314,61,handlbe01,1990
2315,61,brownde02,1990
2316,61,longsh01,1990
2317,61,nathaho01,1990
2318,61,pargoje01,1990
2319,61,howarbr01,1990
2320,61,duckwke01,1990
2321,61,randlch01,1990
2322,61,ellispe01,1990
2323,61,worthja01,1990
2324,61,morrimi01,1990
2325,61,hamilth01,1990
2326,61,lucaska01,1990
2327,61,mckeyde01,1990
2328,61,stivral01,1990
2329,61,bozemce01,1990
2330,61,mbengdj01,1990
2331,61,stockda01,1990
2332,61,leckner01,1990
2333,61,johnsom01,1990
2334,61,seldewa01,1990
2335,61,wintetr01,1990
2336,61,cottobr01,1990
2337,61,dukandu01,1990
2338,61,mcclesh01,1990
2339,61,doziete01,1990
2340,61,bowmair01,1990
2341,61,hayesch01,1990
2342,61,whiteok01,1990
2343,61,hinsoro01,1990
2344,61,bowiesa01,1990
2345,61,harrite01,1990
2346,61,viannjo01,1990
2347,61,farmeji01,1990
2348,61,mcnamma01,1990
2349,61,mcneaje01,1990
2350,61,mcfariv01,1990
2351,61,wagnemi01,1990
2352,61,dejeabr01,1990
2353,61,garnech01,1990
2354,61,houseda01,1990
2355,61,barroea01,1990
2356,61,nattca01,1990
2357,61,crowdco01,1990
2358,61,washidu01,1990
2359,61,moreler01,1990
2360,61,hicksis01,1990
2361,61,coopewa01,1990
2362,61,herrmwa01,1990
2363,61,craigto01,1990
2364,61,cartean01,1990
2365,61,wolkoru01,1990
2366,61,pricero01,1990
2367,61,cooleja01,1990
2368,61,montelu01,1990
2369,61,walshma01,1990
2370,61,martije01,1990
2371,61,hawkihe01,1990
2372,61,mccanme01,1990
2373,61,ingraan01,1990
2374,61,piercri01,1990
2375,61,bouchch01,1990
2376,61,dentmju01,1990
2377,61,grandro01,1990
2378,61,martibo01,1990
2379,61,jonesda01,1990
2380,61,russewa02,1990
2381,61,hearnre01,1990
2382,61,anticpe01,1990
2383,61,sallejo01,1990
2384,61,gaide01,1990
2385,61,perkisa01,1990
2386,61,cummite01,1990
2387,61,rowsobr01,1990
2388,61,gladnmi01,1990
2389,61,thornbo01,1990
2390,61,bakerro01,1990
2391,61,garriki01,1990
2392,61,robinla01,1990
2393,61,hopsode01,1990
2394,61,nesbyty01,1990
2395,61,harriad01,1990
2396,61,hanzlbi01,1990
2397,61,eacklle01,1990
2398,61,jacksje01,1990
2399,61,cartwbi01,1990
2400,61,arcidry01,1990
2401,61,kurzro01,1990
2402,61,laproni01,1990
2403,61,turpime01,1990
2404,61,jeffedo01,1990
2405,61,wareca01,1990
2406,61,bakerla01,1990
2407,61,jonesja04,1990
2408,61,jacksma01,1990
2409,61,johnsvi01,1990
2410,61,fitchge01,1990
2411,61,ahearbl01,1990
2412,61,payneke01,1990
2413,61,kirkal01,1990
2414,61,bellch01,1990
2415,61,paytoga02,1990
2416,61,westma01,1990
2417,61,danieer01,1990
2418,61,watkida01,1990
2419,61,lloydle01,1990
2420,61,mitrona01,1990
2421,61,millere01,1990
2422,61,watsocj01,1990
2423,61,threase01,1990
2424,61,gaineco01,1990
2425,61,willibr01,1990
2426,61,carrojo01,1990
2427,61,dinkiby01,1990
2428,61,heggsal01,1990
2429,61,tuckean01,1990
